{
  "name": "ProductBasket",
  "options": {
    "idInjection": false,
    "oracle": {
      "schema": "SCOTT",
      "table": "PRODUCT_BASKET"
    },
    "validateUpsert": true
  },
  "http": {
    "path": "/user"
  },
  "properties": {
    "prodId": {
      "type": "String",
      "id" : true,
      "required": false,
      "length": 30,
      "precision": null,
      "scale": null,
      "oracle": {
        "columnName": "PROD_ID",
        "dataType": "VARCHAR2",
        "dataLength": 30,
        "dataPrecision": null,
        "dataScale": null,
        "nullable": "Y"
      }
    },
    "prodName": {
      "type": "String",
      "required": false,
      "length": 20,
      "precision": null,
      "scale": null,
      "oracle": {
        "columnName": "PROD_NAME",
        "dataType": "VARCHAR2",
        "dataLength": 20,
        "dataPrecision": null,
        "dataScale": null,
        "nullable": "Y"
      }
    },
    "prodPrice": {
      "type": "Number",
      "required": false,
      "length": 22,
      "precision": null,
      "scale": null,
      "oracle": {
        "columnName": "PROD_PRICE",
        "dataType": "NUMBER",
        "dataLength": 22,
        "dataPrecision": null,
        "dataScale": null,
        "nullable": "Y"
      }
    },
    "prodDiscount": {
      "type": "Number",
      "required": false,
      "length": 22,
      "precision": null,
      "scale": null,
      "oracle": {
        "columnName": "PROD_DISCOUNT",
        "dataType": "NUMBER",
        "dataLength": 22,
        "dataPrecision": null,
        "dataScale": null,
        "nullable": "Y"
      }
    },
    "prodCount": {
      "type": "Number",
      "required": false,
      "length": 22,
      "precision": null,
      "scale": null,
      "oracle": {
        "columnName": "PROD_COUNT",
        "dataType": "NUMBER",
        "dataLength": 22,
        "dataPrecision": null,
        "dataScale": null,
        "nullable": "Y"
      }
    }
  },
  "acls": [],
  "idInjection": true
}