[
  {
    "transaction": {
      "amount": "1.75",
      "balance": 1.75,
      "transactionType": "NPCI_QR_CREDIT",
      "type": "CREDIT",
      "time": 1497450958000,
      "txRef": 716520520876,
      "businessId": null,
      "beneficiaryName": "Prabhu R                      ",
      "beneficiaryType": null,
      "beneficiaryId": "6079069964280547",
      "description": null,
      "otherPartyName": "Prabhu R                      ",
      "otherPartyId": "6079069964280547",
      "txnOrigin": "MOBILE",
      "transactionStatus": "PAYMEN",
      "status": null,
      "yourWallet": "GENERAL",
      "beneficiaryWallet": "",
      "externalTransactionId": "52266506-14-2017",
      "retrivalReferenceNo": null,
      "authCode": null,
      "billRefNo": null,
      "bankTid": "815130282",
      "acquirerId": null,
      "mcc": null,
      "convertedAmount": null,
      "networkType": null,
      "limitCurrencyCode": null,
      "kitNo": null,
      "sorTxnId": null,
      "transactionCurrencyCode": null
    },
    "balance": null
  },
  {
    "transaction": {
      "amount": "1.1",
      "balance": 2.85,
      "transactionType": "MVISA",
      "type": "CREDIT",
      "time": 1497546950000,
      "txRef": 525651,
      "businessId": null,
      "beneficiaryName": "TN",
      "beneficiaryType": null,
      "beneficiaryId": "4043221255240650",
      "description": null,
      "otherPartyName": "TN",
      "otherPartyId": "4043221255240650",
      "txnOrigin": "MOBILE",
      "transactionStatus": "PAYMENT_SUCCESS",
      "status": null,
      "yourWallet": "GENERAL",
      "beneficiaryWallet": "",
      "externalTransactionId": "49616706-15-2017",
      "retrivalReferenceNo": null,
      "authCode": null,
      "billRefNo": "12121212                 ",
      "bankTid": "572084830",
      "acquirerId": null,
      "mcc": null,
      "convertedAmount": null,
      "networkType": null,
      "limitCurrencyCode": null,
      "kitNo": null,
      "sorTxnId": null,
      "transactionCurrencyCode": null
    },
    "balance": null
  },
  {
    "transaction": {
      "amount": "1.05",
      "balance": 3.9,
      "transactionType": "MVISA",
      "type": "CREDIT",
      "time": 1497546986000,
      "txRef": 705194,
      "businessId": null,
      "beneficiaryName": "TN",
      "beneficiaryType": null,
      "beneficiaryId": "4043221255240650",
      "description": null,
      "otherPartyName": "TN",
      "otherPartyId": "4043221255240650",
      "txnOrigin": "MOBILE",
      "transactionStatus": "PAYMENT_SUCCESS",
      "status": null,
      "yourWallet": "GENERAL",
      "beneficiaryWallet": "",
      "externalTransactionId": "91490306-15-2017",
      "retrivalReferenceNo": null,
      "authCode": null,
      "billRefNo": "12121212                 ",
      "bankTid": "614856995",
      "acquirerId": null,
      "mcc": null,
      "convertedAmount": null,
      "networkType": null,
      "limitCurrencyCode": null,
      "kitNo": null,
      "sorTxnId": null,
      "transactionCurrencyCode": null
    },
    "balance": null
  },
  {
    "transaction": {
      "amount": "12.0",
      "balance": 155.85,
      "transactionType": "MVISA",
      "type": "CREDIT",
      "time": 1498656653000,
      "txRef": 623044,
      "businessId": null,
      "beneficiaryName": "Abraham A Samuel              ",
      "beneficiaryType": null,
      "beneficiaryId": "4799470171624812",
      "description": null,
      "otherPartyName": "Abraham A Samuel              ",
      "otherPartyId": "4799470171624812",
      "txnOrigin": "MOBILE",
      "transactionStatus": "PAYMENT_SUCCESS",
      "status": null,
      "yourWallet": "GENERAL",
      "beneficiaryWallet": "",
      "externalTransactionId": "67122206-28-2017",
      "retrivalReferenceNo": null,
      "authCode": null,
      "billRefNo": null,
      "bankTid": "843287645",
      "acquirerId": null,
      "mcc": null,
      "convertedAmount": null,
      "networkType": null,
      "limitCurrencyCode": null,
      "kitNo": null,
      "sorTxnId": null,
      "transactionCurrencyCode": null
    },
    "balance": null
  },
  {
    "transaction": {
      "amount": "13.0",
      "balance": 168.85,
      "transactionType": "MVISA",
      "type": "CREDIT",
      "time": 1556002407000,
      "txRef": 777015,
      "businessId": null,
      "beneficiaryName": "Abraham A Samuel              ",
      "beneficiaryType": null,
      "beneficiaryId": "4799470171624812",
      "description": null,
      "otherPartyName": "Abraham A Samuel              ",
      "otherPartyId": "4799470171624812",
      "txnOrigin": "MOBILE",
      "transactionStatus": "PAYMENT_SUCCESS",
      "status": null,
      "yourWallet": "GENERAL",
      "beneficiaryWallet": "",
      "externalTransactionId": "67122323-04-2019",
      "retrivalReferenceNo": null,
      "authCode": null,
      "billRefNo": null,
      "bankTid": "593714998",
      "acquirerId": null,
      "mcc": null,
      "convertedAmount": null,
      "networkType": null,
      "limitCurrencyCode": null,
      "kitNo": null,
      "sorTxnId": null,
      "transactionCurrencyCode": null
    },
    "balance": null
  },
  {
    "transaction": {
      "amount": "1.0",
      "balance": 6.27,
      "transactionType": "MVISA",
      "type": "CREDIT",
      "time": 1556002407000,
      "txRef": 555330,
      "businessId": null,
      "beneficiaryName": "Kiran Madhavan                ",
      "beneficiaryType": null,
      "beneficiaryId": "4799470106826326",
      "description": null,
      "otherPartyName": "Kiran Madhavan                ",
      "otherPartyId": "4799470106826326",
      "txnOrigin": "MOBILE",
      "transactionStatus": "PAYMENT_SUCCESS",
      "status": null,
      "yourWallet": "GENERAL",
      "beneficiaryWallet": "",
      "externalTransactionId": "68164123-04-2019",
      "retrivalReferenceNo": null,
      "authCode": null,
      "billRefNo": null,
      "bankTid": "503697289",
      "acquirerId": null,
      "mcc": null,
      "convertedAmount": null,
      "networkType": null,
      "limitCurrencyCode": null,
      "kitNo": null,
      "sorTxnId": null,
      "transactionCurrencyCode": null
    },
    "balance": null
  },
  {
    "transaction": {
      "amount": "11.0",
      "balance": 179.85,
      "transactionType": "MVISA",
      "type": "CREDIT",
      "time": 1556002407000,
      "txRef": 916685,
      "businessId": null,
      "beneficiaryName": "Abraham A Samuel              ",
      "beneficiaryType": null,
      "beneficiaryId": "4799470171624812",
      "description": null,
      "otherPartyName": "Abraham A Samuel              ",
      "otherPartyId": "4799470171624812",
      "txnOrigin": "MOBILE",
      "transactionStatus": "PAYMENT_SUCCESS",
      "status": null,
      "yourWallet": "GENERAL",
      "beneficiaryWallet": "",
      "externalTransactionId": "70354723-04-2019",
      "retrivalReferenceNo": null,
      "authCode": null,
      "billRefNo": null,
      "bankTid": "898923721",
      "acquirerId": null,
      "mcc": null,
      "convertedAmount": null,
      "networkType": null,
      "limitCurrencyCode": null,
      "kitNo": null,
      "sorTxnId": null,
      "transactionCurrencyCode": null
    },
    "balance": null
  },
  {
    "transaction": {
      "amount": "12.0",
      "balance": 191.85,
      "transactionType": "MVISA",
      "type": "CREDIT",
      "time": 1556088807000,
      "txRef": 835095,
      "businessId": null,
      "beneficiaryName": "Abraham A Samuel              ",
      "beneficiaryType": null,
      "beneficiaryId": "4799470171624812",
      "description": null,
      "otherPartyName": "Abraham A Samuel              ",
      "otherPartyId": "4799470171624812",
      "txnOrigin": "MOBILE",
      "transactionStatus": "PAYMENT_SUCCESS",
      "status": null,
      "yourWallet": "GENERAL",
      "beneficiaryWallet": "",
      "externalTransactionId": "70360624-04-2019",
      "retrivalReferenceNo": null,
      "authCode": null,
      "billRefNo": null,
      "bankTid": "498884032",
      "acquirerId": null,
      "mcc": null,
      "convertedAmount": null,
      "networkType": null,
      "limitCurrencyCode": null,
      "kitNo": null,
      "sorTxnId": null,
      "transactionCurrencyCode": null
    },
    "balance": null
  },
  {
    "transaction": {
      "amount": "13.0",
      "balance": 204.85,
      "transactionType": "MVISA",
      "type": "CREDIT",
      "time": 1556088807000,
      "txRef": 652068,
      "businessId": null,
      "beneficiaryName": "Abraham A Samuel              ",
      "beneficiaryType": null,
      "beneficiaryId": "4799470171624812",
      "description": null,
      "otherPartyName": "Abraham A Samuel              ",
      "otherPartyId": "4799470171624812",
      "txnOrigin": "MOBILE",
      "transactionStatus": "PAYMENT_SUCCESS",
      "status": null,
      "yourWallet": "GENERAL",
      "beneficiaryWallet": "",
      "externalTransactionId": "70362524-04-2019",
      "retrivalReferenceNo": null,
      "authCode": null,
      "billRefNo": null,
      "bankTid": "611098373",
      "acquirerId": null,
      "mcc": null,
      "convertedAmount": null,
      "networkType": null,
      "limitCurrencyCode": null,
      "kitNo": null,
      "sorTxnId": null,
      "transactionCurrencyCode": null
    },
    "balance": null
  },
  {
    "transaction": {
      "amount": "14.0",
      "balance": 218.85,
      "transactionType": "MVISA",
      "type": "CREDIT",
      "time": 1556088807000,
      "txRef": 560046,
      "businessId": null,
      "beneficiaryName": "Abraham A Samuel              ",
      "beneficiaryType": null,
      "beneficiaryId": "4799470171624812",
      "description": null,
      "otherPartyName": "Abraham A Samuel              ",
      "otherPartyId": "4799470171624812",
      "txnOrigin": "MOBILE",
      "transactionStatus": "PAYMENT_SUCCESS",
      "status": null,
      "yourWallet": "GENERAL",
      "beneficiaryWallet": "",
      "externalTransactionId": "70363124-04-2019",
      "retrivalReferenceNo": null,
      "authCode": null,
      "billRefNo": null,
      "bankTid": "759805870",
      "acquirerId": null,
      "mcc": null,
      "convertedAmount": null,
      "networkType": null,
      "limitCurrencyCode": null,
      "kitNo": null,
      "sorTxnId": null,
      "transactionCurrencyCode": null
    },
    "balance": null
  }
]