{
  "name": "ProdList",
  "options": {
    "idInjection": false,
    "oracle": {
      "schema": "SCOTT",
      "table": "PROD_LIST"
    },
    "validateUpsert": true
  },
  "http": {
    "path": "/getList"
  },
  "properties": {
    "prodCategory": {
      "type": "String",
      "id" : true,
      "required": false,
      "length": 10,
      "precision": null,
      "scale": null,
      "oracle": {
        "columnName": "PROD_CATEGORY",
        "dataType": "VARCHAR2",
        "dataLength": 10,
        "dataPrecision": null,
        "dataScale": null,
        "nullable": "Y"
      }
    },
    "prodName": {
      "type": "String",
      "required": false,
      "length": 20,
      "precision": null,
      "scale": null,
      "oracle": {
        "columnName": "PROD_NAME",
        "dataType": "VARCHAR2",
        "dataLength": 20,
        "dataPrecision": null,
        "dataScale": null,
        "nullable": "Y"
      }
    },
    "prodPrice": {
      "type": "String",
      "required": false,
      "length": 20,
      "precision": null,
      "scale": null,
      "oracle": {
        "columnName": "PROD_PRICE",
        "dataType": "VARCHAR2",
        "dataLength": 20,
        "dataPrecision": null,
        "dataScale": null,
        "nullable": "Y"
      }
    },
    "prodDiscount": {
      "type": "String",
      "required": false,
      "length": 20,
      "precision": null,
      "scale": null,
      "oracle": {
        "columnName": "PROD_DISCOUNT",
        "dataType": "VARCHAR2",
        "dataLength": 20,
        "dataPrecision": null,
        "dataScale": null,
        "nullable": "Y"
      }
    }
  },
  "acls": [],
  "idInjection": true
}